{"cameraMode":{"drawMode":0,"name":"Shaded","section":"Shading Mode"},"sceneLighting":false,"audioPlay":false,"sceneViewState":{"m_AlwaysRefresh":false,"showFog":true,"showSkybox":false,"showFlares":true,"showImageEffects":true,"showParticleSystems":true,"showVisualEffectGraphs":true,"m_FxEnabled":true},"in2DMode":false,"pivot":{"x":1.907907247543335,"y":2.0872814655303957,"z":1.347294569015503},"rotation":{"x":0.12665784358978272,"y":0.08766824752092362,"z":-0.011236593127250672,"w":0.9880067706108093},"size":1.8314743041992188,"orthographic":false}