{"cameraMode":{"drawMode":0,"name":"Shaded","section":"Shading Mode"},"sceneLighting":false,"audioPlay":false,"sceneViewState":{"m_AlwaysRefresh":false,"showFog":true,"showSkybox":false,"showFlares":true,"showImageEffects":true,"showParticleSystems":true,"showVisualEffectGraphs":true,"m_FxEnabled":true},"in2DMode":false,"pivot":{"x":-0.9530780911445618,"y":2.451866865158081,"z":0.43450528383255007},"rotation":{"x":-0.01505687739700079,"y":-0.8500698804855347,"z":0.02419372834265232,"w":-0.5259829759597778},"size":1.234910011291504,"orthographic":true}