{"cameraMode":{"drawMode":0,"name":"Shaded","section":"Shading Mode"},"sceneLighting":true,"audioPlay":false,"sceneViewState":{"m_AlwaysRefresh":false,"showFog":true,"showSkybox":true,"showFlares":true,"showImageEffects":true,"showParticleSystems":true,"showVisualEffectGraphs":true,"m_FxEnabled":true},"in2DMode":false,"pivot":{"x":247.73147583007813,"y":43.52009582519531,"z":-37.563995361328128},"rotation":{"x":-0.12755346298217774,"y":-0.8483551740646362,"z":0.23761020600795747,"w":-0.45608824491500857},"size":78.05074310302735,"orthographic":true}