{"cameraMode":{"drawMode":0,"name":"Shaded","section":"Shading Mode"},"sceneLighting":true,"audioPlay":false,"sceneViewState":{"m_AlwaysRefresh":false,"showFog":true,"showSkybox":true,"showFlares":true,"showImageEffects":true,"showParticleSystems":true,"showVisualEffectGraphs":true,"m_FxEnabled":true},"in2DMode":false,"pivot":{"x":4.081050872802734,"y":2.494215965270996,"z":11.454198837280274},"rotation":{"x":-0.12974511086940766,"y":0.5185242891311646,"z":-0.07996224611997605,"w":-0.8413920402526856},"size":61.538360595703128,"orthographic":true}