{"cameraMode":{"drawMode":0,"name":"Shaded","section":"Shading Mode"},"sceneLighting":true,"audioPlay":false,"sceneViewState":{"m_AlwaysRefresh":false,"showFog":true,"showSkybox":true,"showFlares":true,"showImageEffects":true,"showParticleSystems":true,"showVisualEffectGraphs":true,"m_FxEnabled":true},"in2DMode":false,"pivot":{"x":6.215149879455566,"y":4.419773578643799,"z":4.478333473205566},"rotation":{"x":0.08470602333545685,"y":-0.22197583317756654,"z":0.019360892474651338,"w":0.9711771011352539},"size":8.582454681396485,"orthographic":true}