{"cameraMode":{"drawMode":0,"name":"Shaded","section":"Shading Mode"},"sceneLighting":true,"audioPlay":false,"sceneViewState":{"m_AlwaysRefresh":false,"showFog":true,"showSkybox":true,"showFlares":true,"showImageEffects":true,"showParticleSystems":true,"showVisualEffectGraphs":true,"m_FxEnabled":true},"in2DMode":false,"pivot":{"x":-5.17337703704834,"y":-0.20669031143188477,"z":-4.190227031707764},"rotation":{"x":0.07085075229406357,"y":-0.8865954875946045,"z":0.14489923417568208,"w":0.43353191018104555},"size":15.958258628845215,"orthographic":false}