{"cameraMode":{"drawMode":0,"name":"Shaded","section":"Shading Mode"},"sceneLighting":true,"audioPlay":false,"sceneViewState":{"m_AlwaysRefresh":false,"showFog":true,"showSkybox":true,"showFlares":true,"showImageEffects":true,"showParticleSystems":true,"showVisualEffectGraphs":true,"m_FxEnabled":true},"in2DMode":false,"pivot":{"x":63.794349670410159,"y":51.769012451171878,"z":-69.99131774902344},"rotation":{"x":-0.17500461637973786,"y":0.37495163083076479,"z":-0.07230670750141144,"w":-0.9075234532356262},"size":23.962045669555665,"orthographic":true}