{"cameraMode":{"drawMode":0,"name":"Shaded","section":"Shading Mode"},"sceneLighting":true,"audioPlay":false,"sceneViewState":{"m_AlwaysRefresh":false,"showFog":true,"showSkybox":true,"showFlares":true,"showImageEffects":true,"showParticleSystems":true,"showVisualEffectGraphs":true,"m_FxEnabled":true},"in2DMode":false,"pivot":{"x":3.0373613834381105,"y":20.899805068969728,"z":-10.948701858520508},"rotation":{"x":0.014923565089702607,"y":0.978134036064148,"z":-0.19318954646587373,"w":0.07556016743183136},"size":22.749927520751954,"orthographic":true}