{"cameraMode":{"drawMode":0,"name":"Shaded","section":"Shading Mode"},"sceneLighting":true,"audioPlay":false,"sceneViewState":{"m_AlwaysRefresh":false,"showFog":true,"showSkybox":true,"showFlares":true,"showImageEffects":true,"showParticleSystems":true,"showVisualEffectGraphs":true,"m_FxEnabled":true},"in2DMode":false,"pivot":{"x":3.833831310272217,"y":4.533650875091553,"z":1.009343147277832},"rotation":{"x":0.1950913816690445,"y":-0.038240328431129459,"z":0.007616265676915646,"w":0.9800218343734741},"size":5.609878063201904,"orthographic":false}