{"cameraMode":{"drawMode":0,"name":"Shaded","section":"Shading Mode"},"sceneLighting":false,"audioPlay":false,"sceneViewState":{"m_AlwaysRefresh":false,"showFog":true,"showSkybox":false,"showFlares":true,"showImageEffects":true,"showParticleSystems":true,"showVisualEffectGraphs":true,"m_FxEnabled":true},"in2DMode":false,"pivot":{"x":-0.2340598702430725,"y":0.10948225855827332,"z":-0.7825710773468018},"rotation":{"x":-0.006984889041632414,"y":0.9850912094116211,"z":-0.04140353575348854,"w":-0.16706696152687074},"size":0.7901602387428284,"orthographic":true}