{"cameraMode":{"drawMode":0,"name":"Shaded","section":"Shading Mode"},"sceneLighting":false,"audioPlay":false,"sceneViewState":{"m_AlwaysRefresh":false,"showFog":false,"showSkybox":false,"showFlares":false,"showImageEffects":false,"showParticleSystems":false,"showVisualEffectGraphs":true,"m_FxEnabled":true},"in2DMode":false,"pivot":{"x":0.000001430511474609375,"y":0.8942632675170898,"z":-0.01896706223487854},"rotation":{"x":0.050424132496118548,"y":-0.7600792646408081,"z":0.059406865388154986,"w":0.6451545357704163},"size":1.2957197427749634,"orthographic":false}