{"cameraMode":{"drawMode":0,"name":"Shaded","section":"Shading Mode"},"sceneLighting":false,"audioPlay":false,"sceneViewState":{"m_AlwaysRefresh":false,"showFog":true,"showSkybox":false,"showFlares":true,"showImageEffects":true,"showParticleSystems":true,"showVisualEffectGraphs":true,"m_FxEnabled":true},"in2DMode":false,"pivot":{"x":0.26999998092651369,"y":1.8599998950958253,"z":-4.719999313354492},"rotation":{"x":0.20616446435451508,"y":-0.5696510076522827,"z":0.15032537281513215,"w":0.7812927961349487},"size":12.12435531616211,"orthographic":false}