{"cameraMode":{"drawMode":0,"name":"Shaded","section":"Shading Mode"},"sceneLighting":false,"audioPlay":false,"sceneViewState":{"m_AlwaysRefresh":false,"showFog":true,"showSkybox":false,"showFlares":true,"showImageEffects":true,"showParticleSystems":true,"showVisualEffectGraphs":true,"m_FxEnabled":true},"in2DMode":false,"pivot":{"x":-4.179999828338623,"y":1.9800000190734864,"z":4.290334701538086},"rotation":{"x":-0.13903947174549104,"y":-0.01307300291955471,"z":0.001825201092287898,"w":-0.9902247190475464},"size":1.5619709491729737,"orthographic":true}