{"cameraMode":{"drawMode":0,"name":"Shaded","section":"Shading Mode"},"sceneLighting":false,"audioPlay":false,"sceneViewState":{"m_AlwaysRefresh":false,"showFog":true,"showSkybox":false,"showFlares":true,"showImageEffects":true,"showParticleSystems":true,"showVisualEffectGraphs":true,"m_FxEnabled":true},"in2DMode":false,"pivot":{"x":-14.729999542236329,"y":0.029999997466802598,"z":11.369999885559082},"rotation":{"x":-0.12974511086940766,"y":0.5185242891311646,"z":-0.07996224611997605,"w":-0.8413920402526856},"size":1.7705931663513184,"orthographic":true}