{"cameraMode":{"drawMode":0,"name":"Shaded","section":"Shading Mode"},"sceneLighting":true,"audioPlay":false,"sceneViewState":{"m_AlwaysRefresh":false,"showFog":true,"showSkybox":true,"showFlares":true,"showImageEffects":true,"showParticleSystems":true,"showVisualEffectGraphs":true,"m_FxEnabled":true},"in2DMode":false,"pivot":{"x":23.99612045288086,"y":13.580547332763672,"z":-7.205162048339844},"rotation":{"x":-0.2943704128265381,"y":0.16155102849006654,"z":-0.050560079514980319,"w":-0.9405813813209534},"size":27.352256774902345,"orthographic":false}